viewport_frames,current_optimal_res,buffer_health,state,playback_progress,timestamp
 794x447 / -, 854x480@30 / 854x480@30,25.33,44c,0.0,1651792561.4212017
 794x447 / -, 854x480@30 / 854x480@30,25.33,44c,0.0,1651792562.4655404
 794x447 / -, 854x480@30 / 854x480@30,25.33,44c,0.0,1651792564.2902136
 794x447 / 0 dropped of 141, 854x480@30 / 854x480@30,25.42,8,4.58,1651792565.1281989
 794x447 / 0 dropped of 141, 854x480@30 / 854x480@30,25.42,8,4.58,1651792565.2358367
 794x447 / 0 dropped of 168, 854x480@30 / 854x480@30,35.18,8,5.56,1651792565.295063
 794x447 / 0 dropped of 168, 854x480@30 / 854x480@30,35.18,8,5.56,1651792565.3887384
 794x447 / 0 dropped of 168, 854x480@30 / 854x480@30,35.18,8,5.56,1651792565.6129491
 794x447 / 0 dropped of 168, 854x480@30 / 854x480@30,35.18,8,5.56,1651792565.7045557
 794x447 / 0 dropped of 183, 854x480@30 / 854x480@30,43.99,8,6.09,1651792565.7776096
 794x447 / 0 dropped of 183, 854x480@30 / 854x480@30,43.99,8,6.09,1651792565.989525
 794x447 / 0 dropped of 183, 854x480@30 / 854x480@30,43.99,8,6.09,1651792566.0511134
 794x447 / 0 dropped of 183, 854x480@30 / 854x480@30,43.99,8,6.09,1651792566.1611557
 794x447 / 0 dropped of 183, 854x480@30 / 854x480@30,43.99,8,6.09,1651792566.2722569
 794x447 / 0 dropped of 200, 854x480@30 / 854x480@30,43.5,8,6.62,1651792566.3283267
 794x447 / 0 dropped of 200, 854x480@30 / 854x480@30,43.5,8,6.62,1651792566.4264264
 794x447 / 0 dropped of 200, 854x480@30 / 854x480@30,43.5,8,6.62,1651792566.475021
 794x447 / 0 dropped of 200, 854x480@30 / 854x480@30,43.5,8,6.62,1651792566.5326278
 794x447 / 0 dropped of 200, 854x480@30 / 854x480@30,43.5,8,6.62,1651792566.5987456
 794x447 / 0 dropped of 200, 854x480@30 / 854x480@30,43.5,8,6.62,1651792566.6440814
 794x447 / 0 dropped of 231, 854x480@30 / 854x480@30,42.44,8,7.56,1651792567.734878
 794x447 / 0 dropped of 231, 854x480@30 / 854x480@30,42.44,8,7.56,1651792567.8802576
 794x447 / 0 dropped of 237, 854x480@30 / 854x480@30,42.16,4,7.84,1651792567.944549
 794x447 / 0 dropped of 237, 854x480@30 / 854x480@30,42.16,4,7.84,1651792567.9880843
 794x447 / 0 dropped of 237, 854x480@30 / 854x480@30,42.16,4,7.84,1651792568.025783
 794x447 / 0 dropped of 237, 854x480@30 / 854x480@30,42.16,4,7.84,1651792568.061703
 794x447 / 0 dropped of 237, 854x480@30 / 854x480@30,42.16,4,7.84,1651792568.0968692
 794x447 / 0 dropped of 237, 854x480@30 / 854x480@30,42.16,4,7.84,1651792568.1319551
 794x447 / 0 dropped of 237, 854x480@30 / 854x480@30,42.16,4,7.84,1651792569.241151
 794x447 / 0 dropped of 237, 854x480@30 / 854x480@30,42.16,4,7.84,1651792569.329641
 794x447 / 0 dropped of 237, 854x480@30 / 854x480@30,42.16,4,7.84,1651792569.4253154
 794x447 / 0 dropped of 251, 854x480@30 / 854x480@30,41.67,8,8.33,1651792569.4822857
 794x447 / 0 dropped of 251, 854x480@30 / 854x480@30,41.67,8,8.33,1651792569.5535777
 794x447 / 0 dropped of 251, 854x480@30 / 854x480@30,41.67,8,8.33,1651792569.60621
 794x447 / 0 dropped of 251, 854x480@30 / 854x480@30,41.67,8,8.33,1651792569.651679
 794x447 / 0 dropped of 251, 854x480@30 / 854x480@30,41.67,8,8.33,1651792569.7032852
 794x447 / 0 dropped of 251, 854x480@30 / 854x480@30,41.67,8,8.33,1651792569.7550466
 794x447 / 0 dropped of 282, 854x480@30 / 854x480@30,40.69,8,9.35,1651792570.9407098
 794x447 / 0 dropped of 288, 854x480@30 / 854x480@30,40.45,4,9.55,1651792571.0817566
 794x447 / 0 dropped of 288, 854x480@30 / 854x480@30,40.45,4,9.55,1651792571.1306233
 794x447 / 0 dropped of 288, 854x480@30 / 854x480@30,40.45,4,9.55,1651792571.1698294
 794x447 / 0 dropped of 288, 854x480@30 / 854x480@30,40.45,4,9.55,1651792571.2065206
 794x447 / 0 dropped of 288, 854x480@30 / 854x480@30,40.45,4,9.55,1651792571.2418582
 794x447 / 0 dropped of 288, 854x480@30 / 854x480@30,40.45,4,9.55,1651792571.277074
 794x447 / 0 dropped of 288, 854x480@30 / 854x480@30,40.45,4,9.55,1651792572.388999
 794x447 / 0 dropped of 288, 854x480@30 / 854x480@30,40.45,4,9.55,1651792572.5289888
 794x447 / 0 dropped of 300, 854x480@30 / 854x480@30,40.25,8,9.95,1651792572.5816884
 794x447 / 0 dropped of 300, 854x480@30 / 854x480@30,40.25,8,9.95,1651792572.6303554
 794x447 / 0 dropped of 300, 854x480@30 / 854x480@30,40.25,8,9.95,1651792572.6876004
 794x447 / 0 dropped of 300, 854x480@30 / 854x480@30,40.25,8,9.95,1651792572.737395
 794x447 / 0 dropped of 300, 854x480@30 / 854x480@30,40.25,8,9.95,1651792572.7813497
 794x447 / 0 dropped of 300, 854x480@30 / 854x480@30,40.25,8,9.95,1651792572.8281252
 794x447 / 0 dropped of 333, 854x480@30 / 854x480@30,39.07,8,11.01,1651792574.177112
 794x447 / 0 dropped of 339, 854x480@30 / 854x480@30,38.75,4,11.25,1651792574.2532222
 794x447 / 0 dropped of 339, 854x480@30 / 854x480@30,38.75,4,11.25,1651792574.299171
 794x447 / 0 dropped of 339, 854x480@30 / 854x480@30,38.75,4,11.25,1651792574.3389518
 794x447 / 0 dropped of 339, 854x480@30 / 854x480@30,38.75,4,11.25,1651792574.3760781
 794x447 / 0 dropped of 339, 854x480@30 / 854x480@30,38.75,4,11.25,1651792574.4192653
 794x447 / 0 dropped of 339, 854x480@30 / 854x480@30,38.75,4,11.25,1651792574.4685056
 794x447 / 0 dropped of 339, 854x480@30 / 854x480@30,38.75,4,11.25,1651792575.708757
 794x447 / 0 dropped of 351, 854x480@30 / 854x480@30,38.34,8,11.66,1651792575.9036736
 794x447 / 0 dropped of 351, 854x480@30 / 854x480@30,38.34,8,11.66,1651792575.9689133
 794x447 / 0 dropped of 351, 854x480@30 / 854x480@30,38.34,8,11.66,1651792576.0383375
 794x447 / 0 dropped of 351, 854x480@30 / 854x480@30,38.34,8,11.66,1651792576.1302414
 794x447 / 0 dropped of 351, 854x480@30 / 854x480@30,38.34,8,11.66,1651792576.22736
 794x447 / 0 dropped of 351, 854x480@30 / 854x480@30,38.34,8,11.66,1651792576.3688807
 794x447 / 0 dropped of 405, 854x480@30 / 854x480@30,36.95,8,13.26,1651792578.1984937
 794x447 / 0 dropped of 412, 854x480@30 / 854x480@30,46.84,4,13.63,1651792578.3486116
 794x447 / 0 dropped of 412, 854x480@30 / 854x480@30,46.84,4,13.63,1651792578.4328375
 794x447 / 0 dropped of 412, 854x480@30 / 854x480@30,46.84,4,13.63,1651792578.5075283
 794x447 / 0 dropped of 412, 854x480@30 / 854x480@30,46.84,4,13.63,1651792578.56818
 794x447 / 0 dropped of 412, 854x480@30 / 854x480@30,46.84,4,13.63,1651792578.6465232
 794x447 / 0 dropped of 412, 854x480@30 / 854x480@30,46.84,4,13.63,1651792578.6915934
 794x447 / 0 dropped of 412, 854x480@30 / 854x480@30,66.3,4,13.63,1651792580.0013192
 794x447 / 1 dropped of 425, 854x480@30 / 854x480@30,66.3,8,14.01,1651792580.1057768
 794x447 / 1 dropped of 425, 854x480@30 / 854x480@30,66.3,8,14.01,1651792580.1799216
 794x447 / 1 dropped of 425, 854x480@30 / 854x480@30,66.3,8,14.01,1651792580.227251
 794x447 / 1 dropped of 425, 854x480@30 / 854x480@30,66.3,8,14.01,1651792580.2776668
 794x447 / 1 dropped of 425, 854x480@30 / 854x480@30,66.3,8,14.01,1651792580.3259664
 794x447 / 1 dropped of 425, 854x480@30 / 854x480@30,66.3,8,14.01,1651792580.3890882
 794x447 / 1 dropped of 458, 854x480@30 / 854x480@30,64.86,8,15.28,1651792581.8435912
 794x447 / 1 dropped of 472, 854x480@30 / 854x480@30,64.33,4,15.68,1651792581.9116602
 794x447 / 1 dropped of 472, 854x480@30 / 854x480@30,64.33,4,15.68,1651792581.9583387
 794x447 / 1 dropped of 472, 854x480@30 / 854x480@30,64.33,4,15.68,1651792581.9961019
 794x447 / 1 dropped of 472, 854x480@30 / 854x480@30,64.33,4,15.68,1651792582.0348685
 794x447 / 1 dropped of 472, 854x480@30 / 854x480@30,64.33,4,15.68,1651792582.074369
 794x447 / 1 dropped of 472, 854x480@30 / 854x480@30,64.33,4,15.68,1651792582.1125658
 794x447 / 1 dropped of 472, 854x480@30 / 854x480@30,64.25,4,15.68,1651792583.4693878
 794x447 / 1 dropped of 489, 854x480@30 / 854x480@30,63.76,8,16.25,1651792583.5961368
 794x447 / 1 dropped of 489, 854x480@30 / 854x480@30,63.76,8,16.25,1651792583.650625
 794x447 / 1 dropped of 489, 854x480@30 / 854x480@30,63.76,8,16.25,1651792583.6981113
 794x447 / 1 dropped of 489, 854x480@30 / 854x480@30,63.76,8,16.25,1651792583.7448866
 794x447 / 1 dropped of 489, 854x480@30 / 854x480@30,63.76,8,16.25,1651792583.7906547
 794x447 / 1 dropped of 489, 854x480@30 / 854x480@30,63.76,8,16.25,1651792583.866803
 794x447 / 1 dropped of 535, 854x480@30 / 854x480@30,62.42,8,17.84,1651792585.4868953
 794x447 / 1 dropped of 535, 854x480@30 / 854x480@30,62.42,8,17.84,1651792585.5626411
 794x447 / 1 dropped of 538, 854x480@30 / 854x480@30,62.09,4,17.84,1651792585.6225932
 794x447 / 1 dropped of 538, 854x480@30 / 854x480@30,62.09,4,17.84,1651792585.6612086
 794x447 / 1 dropped of 538, 854x480@30 / 854x480@30,62.09,4,17.84,1651792585.7004344
 794x447 / 1 dropped of 538, 854x480@30 / 854x480@30,62.09,4,17.84,1651792585.7389631
 794x447 / 1 dropped of 538, 854x480@30 / 854x480@30,62.09,4,17.84,1651792587.0522492
 794x447 / 1 dropped of 551, 854x480@30 / 854x480@30,61.76,8,18.33,1651792587.1785038
 794x447 / 1 dropped of 551, 854x480@30 / 854x480@30,61.76,8,18.33,1651792587.2314944
 794x447 / 1 dropped of 551, 854x480@30 / 854x480@30,61.76,8,18.33,1651792587.2782557
 794x447 / 1 dropped of 551, 854x480@30 / 854x480@30,61.76,8,18.33,1651792587.3673382
 794x447 / 1 dropped of 551, 854x480@30 / 854x480@30,61.76,8,18.33,1651792587.416009
 794x447 / 1 dropped of 551, 854x480@30 / 854x480@30,61.76,8,18.33,1651792587.4662387
 794x447 / 1 dropped of 595, 854x480@30 / 854x480@30,60.26,4,19.76,1651792588.8114176
 794x447 / 1 dropped of 595, 854x480@30 / 854x480@30,60.26,4,19.76,1651792588.8753922
 794x447 / 1 dropped of 595, 854x480@30 / 854x480@30,60.26,4,19.76,1651792588.9609149
 794x447 / 1 dropped of 595, 854x480@30 / 854x480@30,60.26,4,19.76,1651792589.0000112
 794x447 / 1 dropped of 595, 854x480@30 / 854x480@30,60.26,4,19.76,1651792589.0502763
 794x447 / 1 dropped of 595, 854x480@30 / 854x480@30,60.26,4,19.76,1651792589.0893798
 794x447 / 1 dropped of 595, 854x480@30 / 854x480@30,60.18,4,19.76,1651792590.319641
 794x447 / 1 dropped of 602, 854x480@30 / 854x480@30,60.09,8,19.96,1651792590.3771
 794x447 / 1 dropped of 602, 854x480@30 / 854x480@30,60.09,8,19.96,1651792590.45929
 794x447 / 1 dropped of 602, 854x480@30 / 854x480@30,60.09,8,19.96,1651792590.5042768
 794x447 / 1 dropped of 602, 854x480@30 / 854x480@30,60.09,8,19.96,1651792590.5499096
 794x447 / 1 dropped of 602, 854x480@30 / 854x480@30,60.09,8,19.96,1651792590.5956986
 794x447 / 1 dropped of 602, 854x480@30 / 854x480@30,60.09,8,19.96,1651792590.6561348
 794x447 / 1 dropped of 632, 854x480@30 / 854x480@30,58.92,8,21.06,1651792591.8795877
 794x447 / 1 dropped of 642, 854x480@30 / 854x480@30,58.55,4,21.38,1651792592.023207
 794x447 / 1 dropped of 642, 854x480@30 / 854x480@30,58.55,4,21.38,1651792592.0659087
 794x447 / 1 dropped of 642, 854x480@30 / 854x480@30,58.55,4,21.38,1651792592.1039426
 794x447 / 1 dropped of 642, 854x480@30 / 854x480@30,58.55,4,21.38,1651792592.1439266
 794x447 / 1 dropped of 642, 854x480@30 / 854x480@30,58.55,4,21.38,1651792592.182188
 794x447 / 1 dropped of 642, 854x480@30 / 854x480@30,58.55,4,21.38,1651792592.2198982
 794x447 / 1 dropped of 642, 854x480@30 / 854x480@30,58.55,4,21.38,1651792593.3402941
 794x447 / 1 dropped of 642, 854x480@30 / 854x480@30,58.55,4,21.38,1651792593.4524124
 794x447 / 1 dropped of 654, 854x480@30 / 854x480@30,58.35,8,21.75,1651792593.5264938
 794x447 / 1 dropped of 654, 854x480@30 / 854x480@30,58.35,8,21.75,1651792593.5763197
 794x447 / 1 dropped of 654, 854x480@30 / 854x480@30,58.35,8,21.75,1651792593.6280086
 794x447 / 1 dropped of 654, 854x480@30 / 854x480@30,58.35,8,21.75,1651792593.6844654
 794x447 / 1 dropped of 654, 854x480@30 / 854x480@30,58.35,8,21.75,1651792593.7358022
 794x447 / 1 dropped of 654, 854x480@30 / 854x480@30,58.35,8,21.75,1651792593.7803478
 794x447 / 1 dropped of 685, 854x480@30 / 854x480@30,57.21,8,22.8,1651792595.3450816
 794x447 / 1 dropped of 701, 854x480@30 / 854x480@30,56.97,4,23.21,1651792595.4498518
 794x447 / 1 dropped of 701, 854x480@30 / 854x480@30,56.97,4,23.21,1651792595.4913952
 794x447 / 1 dropped of 701, 854x480@30 / 854x480@30,56.97,4,23.21,1651792595.535314
 794x447 / 1 dropped of 701, 854x480@30 / 854x480@30,56.97,4,23.21,1651792595.5799375
 794x447 / 1 dropped of 701, 854x480@30 / 854x480@30,56.97,4,23.21,1651792595.6190436
 794x447 / 1 dropped of 701, 854x480@30 / 854x480@30,56.97,4,23.21,1651792595.6568532
 794x447 / 1 dropped of 701, 854x480@30 / 854x480@30,86.79,4,23.21,1651792596.837692
 794x447 / 1 dropped of 712, 854x480@30 / 854x480@30,86.41,8,23.76,1651792596.939004
 794x447 / 1 dropped of 712, 854x480@30 / 854x480@30,86.41,8,23.76,1651792596.9821205
 794x447 / 1 dropped of 712, 854x480@30 / 854x480@30,86.41,8,23.76,1651792597.0295093
 794x447 / 1 dropped of 712, 854x480@30 / 854x480@30,86.41,8,23.76,1651792597.099353
 794x447 / 1 dropped of 712, 854x480@30 / 854x480@30,86.41,8,23.76,1651792597.143262
 794x447 / 1 dropped of 712, 854x480@30 / 854x480@30,86.41,8,23.76,1651792597.1850462
 794x447 / 1 dropped of 744, 854x480@30 / 854x480@30,85.32,8,24.72,1651792598.5136023
 794x447 / 1 dropped of 751, 854x480@30 / 854x480@30,85.07,4,24.93,1651792598.5767493
 794x447 / 1 dropped of 751, 854x480@30 / 854x480@30,85.07,4,24.93,1651792598.6382055
 794x447 / 1 dropped of 751, 854x480@30 / 854x480@30,85.07,4,24.93,1651792598.6759589
 794x447 / 1 dropped of 751, 854x480@30 / 854x480@30,85.07,4,24.93,1651792598.714894
 794x447 / 1 dropped of 751, 854x480@30 / 854x480@30,85.07,4,24.93,1651792598.7536845
 794x447 / 1 dropped of 751, 854x480@30 / 854x480@30,85.07,4,24.93,1651792598.789825
 794x447 / 1 dropped of 751, 854x480@30 / 854x480@30,85.07,4,24.93,1651792600.0690143
 794x447 / 1 dropped of 763, 854x480@30 / 854x480@30,84.95,8,25.3,1651792600.141024
 794x447 / 1 dropped of 763, 854x480@30 / 854x480@30,84.95,8,25.3,1651792600.193516
 794x447 / 1 dropped of 763, 854x480@30 / 854x480@30,84.95,8,25.3,1651792600.2363071
 794x447 / 1 dropped of 763, 854x480@30 / 854x480@30,84.95,8,25.3,1651792600.2873666
 794x447 / 1 dropped of 763, 854x480@30 / 854x480@30,84.95,8,25.3,1651792600.3338308
 794x447 / 1 dropped of 763, 854x480@30 / 854x480@30,84.95,8,25.3,1651792600.3775399
 794x447 / 1 dropped of 804, 854x480@30 / 854x480@30,83.24,4,26.76,1651792601.7362382
 794x447 / 1 dropped of 804, 854x480@30 / 854x480@30,83.24,4,26.76,1651792601.814531
 794x447 / 1 dropped of 804, 854x480@30 / 854x480@30,83.24,4,26.76,1651792601.8577454
 794x447 / 1 dropped of 804, 854x480@30 / 854x480@30,83.24,4,26.76,1651792601.89607
 794x447 / 1 dropped of 804, 854x480@30 / 854x480@30,83.24,4,26.76,1651792601.9317062
 794x447 / 1 dropped of 804, 854x480@30 / 854x480@30,83.24,4,26.76,1651792601.97035
 794x447 / 1 dropped of 804, 854x480@30 / 854x480@30,83.24,4,26.76,1651792603.022656
 794x447 / 1 dropped of 804, 854x480@30 / 854x480@30,83.24,4,26.76,1651792603.1172457
 794x447 / 1 dropped of 816, 854x480@30 / 854x480@30,83.12,8,27.17,1651792603.241673
 794x447 / 1 dropped of 816, 854x480@30 / 854x480@30,83.12,8,27.17,1651792603.296007
 794x447 / 1 dropped of 816, 854x480@30 / 854x480@30,83.12,8,27.17,1651792603.3389957
 794x447 / 1 dropped of 816, 854x480@30 / 854x480@30,83.12,8,27.17,1651792603.381704
 794x447 / 1 dropped of 816, 854x480@30 / 854x480@30,83.12,8,27.17,1651792603.4261007
 794x447 / 1 dropped of 816, 854x480@30 / 854x480@30,83.12,8,27.17,1651792603.4829326
 794x447 / 1 dropped of 856, 854x480@30 / 854x480@30,81.49,4,28.51,1651792604.888544
 794x447 / 1 dropped of 856, 854x480@30 / 854x480@30,81.49,4,28.51,1651792604.9324684
 794x447 / 1 dropped of 856, 854x480@30 / 854x480@30,81.49,4,28.51,1651792604.9702222
 794x447 / 1 dropped of 856, 854x480@30 / 854x480@30,81.49,4,28.51,1651792605.0062633
 794x447 / 1 dropped of 856, 854x480@30 / 854x480@30,81.49,4,28.51,1651792605.0443802
 794x447 / 1 dropped of 856, 854x480@30 / 854x480@30,81.49,4,28.51,1651792605.0835226
 794x447 / 1 dropped of 856, 854x480@30 / 854x480@30,81.49,4,28.51,1651792606.2378983
 794x447 / 1 dropped of 856, 854x480@30 / 854x480@30,81.49,4,28.51,1651792606.4147174
 794x447 / 1 dropped of 866, 854x480@30 / 854x480@30,81.45,8,28.84,1651792606.4970214
 794x447 / 1 dropped of 866, 854x480@30 / 854x480@30,81.45,8,28.84,1651792606.5717392
 794x447 / 1 dropped of 866, 854x480@30 / 854x480@30,81.45,8,28.84,1651792606.624411
 794x447 / 1 dropped of 866, 854x480@30 / 854x480@30,81.45,8,28.84,1651792606.7049565
 794x447 / 1 dropped of 866, 854x480@30 / 854x480@30,81.45,8,28.84,1651792606.7517145
 794x447 / 1 dropped of 866, 854x480@30 / 854x480@30,81.45,8,28.84,1651792606.8053951
 794x447 / 1 dropped of 911, 854x480@30 / 854x480@30,79.73,4,30.36,1651792608.1163192
 794x447 / 1 dropped of 911, 854x480@30 / 854x480@30,79.73,4,30.36,1651792608.1718674
 794x447 / 1 dropped of 911, 854x480@30 / 854x480@30,79.73,4,30.36,1651792608.248266
 794x447 / 1 dropped of 911, 854x480@30 / 854x480@30,79.73,4,30.36,1651792608.290027
 794x447 / 1 dropped of 911, 854x480@30 / 854x480@30,79.73,4,30.36,1651792608.329158
 794x447 / 1 dropped of 911, 854x480@30 / 854x480@30,79.73,4,30.36,1651792608.364389
 794x447 / 1 dropped of 911, 854x480@30 / 854x480@30,79.64,4,30.36,1651792609.5483487
 794x447 / 1 dropped of 911, 854x480@30 / 854x480@30,79.64,4,30.36,1651792609.6138525
 794x447 / 1 dropped of 922, 854x480@30 / 854x480@30,79.52,8,30.68,1651792609.712833
 794x447 / 1 dropped of 922, 854x480@30 / 854x480@30,79.52,8,30.68,1651792609.766717
 794x447 / 1 dropped of 922, 854x480@30 / 854x480@30,79.52,8,30.68,1651792609.8159938
 794x447 / 1 dropped of 922, 854x480@30 / 854x480@30,79.52,8,30.68,1651792609.8880954
 794x447 / 1 dropped of 922, 854x480@30 / 854x480@30,79.52,8,30.68,1651792609.978831
 794x447 / 1 dropped of 922, 854x480@30 / 854x480@30,79.52,8,30.68,1651792610.0370693
 794x447 / 1 dropped of 968, 854x480@30 / 854x480@30,77.85,4,32.15,1651792611.4867818
 794x447 / 1 dropped of 968, 854x480@30 / 854x480@30,77.85,4,32.15,1651792611.534442
 794x447 / 1 dropped of 968, 854x480@30 / 854x480@30,77.85,4,32.15,1651792611.5746877
 794x447 / 1 dropped of 968, 854x480@30 / 854x480@30,77.85,4,32.15,1651792611.616309
 794x447 / 1 dropped of 968, 854x480@30 / 854x480@30,77.85,4,32.15,1651792611.6531005
 794x447 / 1 dropped of 968, 854x480@30 / 854x480@30,77.85,4,32.15,1651792611.691538
 794x447 / 1 dropped of 968, 854x480@30 / 854x480@30,77.85,4,32.15,1651792612.975335
 794x447 / 2 dropped of 976, 854x480@30 / 854x480@30,77.61,8,32.39,1651792613.0718706
 794x447 / 2 dropped of 976, 854x480@30 / 854x480@30,77.61,8,32.39,1651792613.1321943
 794x447 / 2 dropped of 976, 854x480@30 / 854x480@30,77.61,8,32.39,1651792613.1819935
 794x447 / 2 dropped of 976, 854x480@30 / 854x480@30,77.61,8,32.39,1651792613.244811
 794x447 / 2 dropped of 976, 854x480@30 / 854x480@30,77.61,8,32.39,1651792613.291098
 794x447 / 2 dropped of 976, 854x480@30 / 854x480@30,77.61,8,32.39,1651792613.3350053
 794x447 / 2 dropped of 1022, 854x480@30 / 854x480@30,79.52,4,34.06,1651792614.7039714
 794x447 / 2 dropped of 1022, 854x480@30 / 854x480@30,79.52,4,34.06,1651792614.7591784
 794x447 / 2 dropped of 1022, 854x480@30 / 854x480@30,79.52,4,34.06,1651792614.8367193
 794x447 / 2 dropped of 1022, 854x480@30 / 854x480@30,79.52,4,34.06,1651792614.887368
 794x447 / 2 dropped of 1022, 854x480@30 / 854x480@30,79.52,4,34.06,1651792614.925609
 794x447 / 2 dropped of 1022, 854x480@30 / 854x480@30,79.52,4,34.06,1651792614.964761
 794x447 / 2 dropped of 1022, 854x480@30 / 854x480@30,79.27,4,34.06,1651792616.3442454
 794x447 / 2 dropped of 1035, 854x480@30 / 854x480@30,79.15,8,34.18,1651792616.4257085
 794x447 / 2 dropped of 1035, 854x480@30 / 854x480@30,79.15,8,34.18,1651792616.4831011
 794x447 / 2 dropped of 1035, 854x480@30 / 854x480@30,79.15,8,34.18,1651792616.5393698
 794x447 / 2 dropped of 1035, 854x480@30 / 854x480@30,79.15,8,34.18,1651792616.593421
 794x447 / 2 dropped of 1035, 854x480@30 / 854x480@30,79.15,8,34.18,1651792616.6791587
 794x447 / 2 dropped of 1035, 854x480@30 / 854x480@30,79.15,8,34.18,1651792616.7285044
 794x447 / 2 dropped of 1094, 854x480@30 / 854x480@30,87.2,4,36.26,1651792618.6479032
 794x447 / 2 dropped of 1094, 854x480@30 / 854x480@30,87.2,4,36.26,1651792618.8028464
 794x447 / 2 dropped of 1094, 854x480@30 / 854x480@30,87.2,4,36.26,1651792618.8595457
 794x447 / 2 dropped of 1094, 854x480@30 / 854x480@30,87.2,4,36.26,1651792618.9328287
 794x447 / 2 dropped of 1094, 854x480@30 / 854x480@30,87.2,4,36.26,1651792618.9759357
 794x447 / 2 dropped of 1094, 854x480@30 / 854x480@30,87.2,4,36.26,1651792619.014681
 794x447 / 2 dropped of 1094, 854x480@30 / 854x480@30,103.74,4,36.26,1651792620.3117604
 794x447 / 2 dropped of 1103, 854x480@30 / 854x480@30,103.74,8,36.64,1651792620.3944821
 794x447 / 2 dropped of 1103, 854x480@30 / 854x480@30,103.74,8,36.64,1651792620.4502685
 794x447 / 2 dropped of 1103, 854x480@30 / 854x480@30,103.74,8,36.64,1651792620.5065918
 794x447 / 2 dropped of 1103, 854x480@30 / 854x480@30,103.74,8,36.64,1651792620.5552025
 794x447 / 2 dropped of 1103, 854x480@30 / 854x480@30,103.74,8,36.64,1651792620.6156647
 794x447 / 2 dropped of 1103, 854x480@30 / 854x480@30,103.74,8,36.64,1651792620.6594644
 794x447 / 2 dropped of 1134, 854x480@30 / 854x480@30,102.43,8,37.81,1651792622.1879578
 794x447 / 2 dropped of 1150, 854x480@30 / 854x480@30,101.95,4,38.22,1651792622.2678893
 794x447 / 2 dropped of 1150, 854x480@30 / 854x480@30,101.95,4,38.22,1651792622.3030546
 794x447 / 2 dropped of 1150, 854x480@30 / 854x480@30,101.95,4,38.22,1651792622.3460186
 794x447 / 2 dropped of 1150, 854x480@30 / 854x480@30,101.95,4,38.22,1651792622.3819726
 794x447 / 2 dropped of 1150, 854x480@30 / 854x480@30,101.95,4,38.22,1651792622.4174821
 794x447 / 2 dropped of 1150, 854x480@30 / 854x480@30,101.95,4,38.22,1651792622.4526672
 794x447 / 2 dropped of 1150, 854x480@30 / 854x480@30,101.78,4,38.22,1651792623.6912372
 794x447 / 2 dropped of 1160, 854x480@30 / 854x480@30,101.54,8,38.67,1651792623.8085313
 794x447 / 2 dropped of 1160, 854x480@30 / 854x480@30,101.54,8,38.67,1651792623.875325
 794x447 / 2 dropped of 1160, 854x480@30 / 854x480@30,101.54,8,38.67,1651792623.9368834
 794x447 / 2 dropped of 1160, 854x480@30 / 854x480@30,101.54,8,38.67,1651792623.9938643
 794x447 / 2 dropped of 1160, 854x480@30 / 854x480@30,101.54,8,38.67,1651792624.044665
 794x447 / 2 dropped of 1160, 854x480@30 / 854x480@30,101.54,8,38.67,1651792624.0914078
 794x447 / 2 dropped of 1191, 854x480@30 / 854x480@30,100.52,8,39.68,1651792625.3882506
 794x447 / 2 dropped of 1203, 854x480@30 / 854x480@30,99.99,4,40.05,1651792625.4719534
 794x447 / 2 dropped of 1203, 854x480@30 / 854x480@30,99.99,4,40.05,1651792625.543191
 794x447 / 2 dropped of 1203, 854x480@30 / 854x480@30,99.99,4,40.05,1651792625.583741
 794x447 / 2 dropped of 1203, 854x480@30 / 854x480@30,99.99,4,40.05,1651792625.6213565
 794x447 / 2 dropped of 1203, 854x480@30 / 854x480@30,99.99,4,40.05,1651792625.6606224
 794x447 / 2 dropped of 1203, 854x480@30 / 854x480@30,99.99,4,40.05,1651792625.6968179
 794x447 / 2 dropped of 1203, 854x480@30 / 854x480@30,99.95,4,40.05,1651792626.7321959
 794x447 / 2 dropped of 1203, 854x480@30 / 854x480@30,99.95,4,40.05,1651792626.9012837
 794x447 / 2 dropped of 1213, 854x480@30 / 854x480@30,99.75,8,40.37,1651792626.99445
 794x447 / 2 dropped of 1213, 854x480@30 / 854x480@30,99.75,8,40.37,1651792627.0475514
 794x447 / 2 dropped of 1213, 854x480@30 / 854x480@30,99.75,8,40.37,1651792627.118708
 794x447 / 2 dropped of 1213, 854x480@30 / 854x480@30,99.75,8,40.37,1651792627.1796627
 794x447 / 2 dropped of 1213, 854x480@30 / 854x480@30,99.75,8,40.37,1651792627.267341
 794x447 / 2 dropped of 1213, 854x480@30 / 854x480@30,99.75,8,40.37,1651792627.3148074
 794x447 / 2 dropped of 1257, 854x480@30 / 854x480@30,98.16,4,41.88,1651792628.7411776
 794x447 / 2 dropped of 1257, 854x480@30 / 854x480@30,98.16,4,41.88,1651792628.797756
 794x447 / 2 dropped of 1257, 854x480@30 / 854x480@30,98.16,4,41.88,1651792628.8370495
 794x447 / 2 dropped of 1257, 854x480@30 / 854x480@30,98.16,4,41.88,1651792628.8740995
 794x447 / 2 dropped of 1257, 854x480@30 / 854x480@30,98.16,4,41.88,1651792628.9167416
 794x447 / 2 dropped of 1257, 854x480@30 / 854x480@30,98.16,4,41.88,1651792628.9541698
 794x447 / 2 dropped of 1257, 854x480@30 / 854x480@30,98.12,4,41.88,1651792630.2160017
 794x447 / 2 dropped of 1269, 854x480@30 / 854x480@30,97.95,8,42.21,1651792630.3495378
 794x447 / 2 dropped of 1269, 854x480@30 / 854x480@30,97.95,8,42.21,1651792630.4107788
 794x447 / 2 dropped of 1269, 854x480@30 / 854x480@30,97.95,8,42.21,1651792630.456285
 794x447 / 2 dropped of 1269, 854x480@30 / 854x480@30,97.95,8,42.21,1651792630.5016658
 794x447 / 2 dropped of 1269, 854x480@30 / 854x480@30,97.95,8,42.21,1651792630.543869
 794x447 / 2 dropped of 1269, 854x480@30 / 854x480@30,97.95,8,42.21,1651792630.6208763
 794x447 / 2 dropped of 1312, 854x480@30 / 854x480@30,96.29,4,43.71,1651792631.9476655
 794x447 / 2 dropped of 1312, 854x480@30 / 854x480@30,96.29,4,43.71,1651792632.0370426
 794x447 / 2 dropped of 1312, 854x480@30 / 854x480@30,96.29,4,43.71,1651792632.083428
 794x447 / 2 dropped of 1312, 854x480@30 / 854x480@30,96.29,4,43.71,1651792632.1204531
 794x447 / 2 dropped of 1312, 854x480@30 / 854x480@30,96.29,4,43.71,1651792632.1575181
 794x447 / 2 dropped of 1312, 854x480@30 / 854x480@30,96.29,4,43.71,1651792632.1969337
 794x447 / 2 dropped of 1312, 854x480@30 / 854x480@30,96.29,4,43.71,1651792633.459823
 794x447 / 2 dropped of 1321, 854x480@30 / 854x480@30,99.33,8,43.87,1651792633.5578666
 794x447 / 2 dropped of 1321, 854x480@30 / 854x480@30,99.33,8,43.87,1651792633.609765
 794x447 / 2 dropped of 1321, 854x480@30 / 854x480@30,99.33,8,43.87,1651792633.6591716
 794x447 / 2 dropped of 1321, 854x480@30 / 854x480@30,99.33,8,43.87,1651792633.7040713
 794x447 / 2 dropped of 1321, 854x480@30 / 854x480@30,99.33,8,43.87,1651792633.7471278
 794x447 / 2 dropped of 1321, 854x480@30 / 854x480@30,99.33,8,43.87,1651792633.7929235
 794x447 / 3 dropped of 1355, 854x480@30 / 854x480@30,98.35,8,45.05,1651792635.0404756
 794x447 / 3 dropped of 1355, 854x480@30 / 854x480@30,98.35,8,45.05,1651792635.1057127
 794x447 / 3 dropped of 1361, 854x480@30 / 854x480@30,97.9,4,45.3,1651792635.2230787
 794x447 / 3 dropped of 1361, 854x480@30 / 854x480@30,97.9,4,45.3,1651792635.2851877
 794x447 / 3 dropped of 1361, 854x480@30 / 854x480@30,97.9,4,45.3,1651792635.3336878
 794x447 / 3 dropped of 1361, 854x480@30 / 854x480@30,97.9,4,45.3,1651792635.3953488
 794x447 / 3 dropped of 1361, 854x480@30 / 854x480@30,97.9,4,45.3,1651792635.436685
 794x447 / 3 dropped of 1361, 854x480@30 / 854x480@30,97.9,4,45.3,1651792635.4899213
 794x447 / 3 dropped of 1361, 854x480@30 / 854x480@30,123.5,4,45.3,1651792636.7134807
 794x447 / 3 dropped of 1369, 854x480@30 / 854x480@30,123.38,8,45.51,1651792636.8110921
 794x447 / 3 dropped of 1369, 854x480@30 / 854x480@30,123.38,8,45.51,1651792636.8777926
 794x447 / 3 dropped of 1369, 854x480@30 / 854x480@30,123.38,8,45.51,1651792636.9401388
 794x447 / 3 dropped of 1369, 854x480@30 / 854x480@30,123.38,8,45.51,1651792636.9983745
 794x447 / 3 dropped of 1369, 854x480@30 / 854x480@30,123.38,8,45.51,1651792637.0524416
 794x447 / 3 dropped of 1369, 854x480@30 / 854x480@30,123.38,8,45.51,1651792637.103629
 794x447 / 3 dropped of 1416, 854x480@30 / 854x480@30,121.74,4,47.14,1651792638.4899404
 794x447 / 3 dropped of 1416, 854x480@30 / 854x480@30,121.74,4,47.14,1651792638.5728548
 794x447 / 3 dropped of 1416, 854x480@30 / 854x480@30,121.74,4,47.14,1651792638.619558
 794x447 / 3 dropped of 1416, 854x480@30 / 854x480@30,121.74,4,47.14,1651792638.6574156
 794x447 / 3 dropped of 1416, 854x480@30 / 854x480@30,121.74,4,47.14,1651792638.6964295
 794x447 / 3 dropped of 1416, 854x480@30 / 854x480@30,121.74,4,47.14,1651792638.736443
 794x447 / 3 dropped of 1422, 854x480@30 / 854x480@30,121.54,8,47.26,1651792639.8968818
 794x447 / 3 dropped of 1422, 854x480@30 / 854x480@30,121.54,8,47.26,1651792639.9574296
 794x447 / 3 dropped of 1422, 854x480@30 / 854x480@30,121.54,8,47.26,1651792640.0553083
 794x447 / 3 dropped of 1422, 854x480@30 / 854x480@30,121.54,8,47.26,1651792640.1040015
 794x447 / 3 dropped of 1422, 854x480@30 / 854x480@30,121.54,8,47.26,1651792640.1573398
 794x447 / 3 dropped of 1422, 854x480@30 / 854x480@30,121.54,8,47.26,1651792640.2368438
 794x447 / 3 dropped of 1465, 854x480@30 / 854x480@30,120.11,4,48.81,1651792641.483509
 794x447 / 3 dropped of 1465, 854x480@30 / 854x480@30,120.11,4,48.81,1651792641.5408764
 794x447 / 3 dropped of 1465, 854x480@30 / 854x480@30,120.11,4,48.81,1651792641.6118264
 794x447 / 3 dropped of 1465, 854x480@30 / 854x480@30,120.11,4,48.81,1651792641.6582465
 794x447 / 3 dropped of 1465, 854x480@30 / 854x480@30,120.11,4,48.81,1651792641.6954215
 794x447 / 3 dropped of 1465, 854x480@30 / 854x480@30,120.11,4,48.81,1651792641.7368107
 794x447 / 3 dropped of 1465, 854x480@30 / 854x480@30,119.99,4,48.81,1651792642.8807814
 794x447 / 3 dropped of 1465, 854x480@30 / 854x480@30,119.99,4,48.81,1651792643.0064461
 794x447 / 3 dropped of 1475, 854x480@30 / 854x480@30,119.87,8,49.14,1651792643.133976
 794x447 / 3 dropped of 1475, 854x480@30 / 854x480@30,119.87,8,49.14,1651792643.1838813
 794x447 / 3 dropped of 1475, 854x480@30 / 854x480@30,119.87,8,49.14,1651792643.2280602
 794x447 / 3 dropped of 1475, 854x480@30 / 854x480@30,119.87,8,49.14,1651792643.2775786
 794x447 / 3 dropped of 1475, 854x480@30 / 854x480@30,119.87,8,49.14,1651792643.3260255
 794x447 / 3 dropped of 1475, 854x480@30 / 854x480@30,119.87,8,49.14,1651792643.3709226
 794x447 / 3 dropped of 1520, 854x480@30 / 854x480@30,118.44,4,50.6,1651792644.6768057
 794x447 / 3 dropped of 1520, 854x480@30 / 854x480@30,118.44,4,50.6,1651792644.736724
 794x447 / 3 dropped of 1520, 854x480@30 / 854x480@30,118.44,4,50.6,1651792644.8145382
 794x447 / 3 dropped of 1520, 854x480@30 / 854x480@30,118.44,4,50.6,1651792644.8608642
 794x447 / 3 dropped of 1520, 854x480@30 / 854x480@30,118.44,4,50.6,1651792644.8998742
 794x447 / 3 dropped of 1520, 854x480@30 / 854x480@30,118.44,4,50.6,1651792644.9394526
 794x447 / 3 dropped of 1520, 854x480@30 / 854x480@30,118.2,4,50.6,1651792646.1249456
 794x447 / 3 dropped of 1528, 854x480@30 / 854x480@30,118.08,8,50.84,1651792646.2325962
 794x447 / 3 dropped of 1528, 854x480@30 / 854x480@30,118.08,8,50.84,1651792646.289384
 794x447 / 3 dropped of 1528, 854x480@30 / 854x480@30,118.08,8,50.84,1651792646.336545
 794x447 / 3 dropped of 1528, 854x480@30 / 854x480@30,118.08,8,50.84,1651792646.3837109
 794x447 / 3 dropped of 1528, 854x480@30 / 854x480@30,118.08,8,50.84,1651792646.4439754
 794x447 / 3 dropped of 1528, 854x480@30 / 854x480@30,118.08,8,50.84,1651792646.4889464
 794x447 / 3 dropped of 1559, 854x480@30 / 854x480@30,116.94,8,51.96,1651792647.9617777
 794x447 / 3 dropped of 1559, 854x480@30 / 854x480@30,116.94,8,51.96,1651792648.0556161
 794x447 / 3 dropped of 1559, 854x480@30 / 854x480@30,116.94,8,51.96,1651792648.0972219
 794x447 / 3 dropped of 1559, 854x480@30 / 854x480@30,116.94,8,51.96,1651792648.143791
 794x447 / 3 dropped of 1559, 854x480@30 / 854x480@30,116.94,8,51.96,1651792648.183845
 794x447 / 3 dropped of 1559, 854x480@30 / 854x480@30,116.94,8,51.96,1651792648.2248738
 794x447 / 3 dropped of 1559, 854x480@30 / 854x480@30,116.94,8,51.96,1651792649.4158902
 794x447 / 3 dropped of 1559, 854x480@30 / 854x480@30,116.94,8,51.96,1651792649.5007598
 794x447 / 3 dropped of 1559, 854x480@30 / 854x480@30,116.94,8,51.96,1651792649.5578744
 794x447 / 3 dropped of 1559, 854x480@30 / 854x480@30,116.94,8,51.96,1651792649.602896
 794x447 / 3 dropped of 1559, 854x480@30 / 854x480@30,116.94,8,51.96,1651792649.6461446
 794x447 / 3 dropped of 1559, 854x480@30 / 854x480@30,116.94,8,51.96,1651792651.0010462
 794x447 / 3 dropped of 1559, 854x480@30 / 854x480@30,116.94,8,51.96,1651792651.0581164
 794x447 / 3 dropped of 1559, 854x480@30 / 854x480@30,116.94,8,51.96,1651792651.1178484
 794x447 / 3 dropped of 1559, 854x480@30 / 854x480@30,116.94,8,51.96,1651792651.1950073
 794x447 / 3 dropped of 1559, 854x480@30 / 854x480@30,116.94,8,51.96,1651792651.2372336
 794x447 / 3 dropped of 1627, 854x480@30 / 854x480@30,115.8,4,54.2,1651792652.5065339
 794x447 / 3 dropped of 1627, 854x480@30 / 854x480@30,115.8,4,54.2,1651792652.5952792
 794x447 / 3 dropped of 1640, 854x480@30 / 854x480@30,124.84,8,54.65,1651792652.6835635
 794x447 / 3 dropped of 1640, 854x480@30 / 854x480@30,124.84,8,54.65,1651792652.7295089
 794x447 / 3 dropped of 1640, 854x480@30 / 854x480@30,124.84,8,54.65,1651792652.775319
 794x447 / 3 dropped of 1640, 854x480@30 / 854x480@30,124.84,8,54.65,1651792652.825775
 794x447 / 3 dropped of 1640, 854x480@30 / 854x480@30,124.84,8,54.65,1651792652.87619
 794x447 / 3 dropped of 1640, 854x480@30 / 854x480@30,124.84,8,54.65,1651792652.9385843
 794x447 / 3 dropped of 1682, 854x480@30 / 854x480@30,123.2,4,56.0,1651792654.240494
 794x447 / 3 dropped of 1682, 854x480@30 / 854x480@30,123.2,4,56.0,1651792654.3074663
 794x447 / 3 dropped of 1682, 854x480@30 / 854x480@30,123.2,4,56.0,1651792654.382566
 794x447 / 3 dropped of 1682, 854x480@30 / 854x480@30,123.2,4,56.0,1651792654.4264665
 794x447 / 3 dropped of 1682, 854x480@30 / 854x480@30,123.2,4,56.0,1651792654.4634447
 794x447 / 3 dropped of 1682, 854x480@30 / 854x480@30,123.2,4,56.0,1651792654.5012705
 794x447 / 3 dropped of 1682, 854x480@30 / 854x480@30,123.2,4,56.0,1651792655.8491182
 794x447 / 3 dropped of 1693, 854x480@30 / 854x480@30,123.12,8,56.33,1651792655.9349165
 794x447 / 3 dropped of 1693, 854x480@30 / 854x480@30,123.12,8,56.33,1651792655.9994686
 794x447 / 3 dropped of 1693, 854x480@30 / 854x480@30,123.12,8,56.33,1651792656.06501
 794x447 / 3 dropped of 1693, 854x480@30 / 854x480@30,123.12,8,56.33,1651792656.1145468
 794x447 / 3 dropped of 1693, 854x480@30 / 854x480@30,123.12,8,56.33,1651792656.1620996
 794x447 / 3 dropped of 1693, 854x480@30 / 854x480@30,123.12,8,56.33,1651792656.2139075
 794x447 / 3 dropped of 1725, 854x480@30 / 854x480@30,121.81,8,57.51,1651792657.5871217
 794x447 / 3 dropped of 1741, 854x480@30 / 854x480@30,121.33,4,57.95,1651792657.7083817
 794x447 / 3 dropped of 1741, 854x480@30 / 854x480@30,121.33,4,57.95,1651792657.7572384
 794x447 / 3 dropped of 1741, 854x480@30 / 854x480@30,121.33,4,57.95,1651792657.796464
 794x447 / 3 dropped of 1741, 854x480@30 / 854x480@30,121.33,4,57.95,1651792657.8379512
 794x447 / 3 dropped of 1741, 854x480@30 / 854x480@30,121.33,4,57.95,1651792657.879251
 794x447 / 3 dropped of 1741, 854x480@30 / 854x480@30,121.33,4,57.95,1651792657.915235
 794x447 / 3 dropped of 1741, 854x480@30 / 854x480@30,121.25,4,57.95,1651792659.2571464
 794x447 / 3 dropped of 1751, 854x480@30 / 854x480@30,121.0,8,58.2,1651792659.364068
 794x447 / 3 dropped of 1751, 854x480@30 / 854x480@30,121.0,8,58.2,1651792659.4221096
 794x447 / 3 dropped of 1751, 854x480@30 / 854x480@30,121.0,8,58.2,1651792659.484097
 794x447 / 3 dropped of 1751, 854x480@30 / 854x480@30,121.0,8,58.2,1651792659.5321662
 794x447 / 3 dropped of 1751, 854x480@30 / 854x480@30,121.0,8,58.2,1651792659.588731
 794x447 / 3 dropped of 1751, 854x480@30 / 854x480@30,121.0,8,58.2,1651792659.646244
 794x447 / 3 dropped of 1797, 854x480@30 / 854x480@30,119.28,8,59.92,1651792661.087376
 794x447 / 3 dropped of 1797, 854x480@30 / 854x480@30,119.28,8,59.92,1651792661.220959
 794x447 / 3 dropped of 1802, 854x480@30 / 854x480@30,119.28,4,59.92,1651792661.2950141
 794x447 / 3 dropped of 1802, 854x480@30 / 854x480@30,119.28,4,59.92,1651792661.3625748
 794x447 / 3 dropped of 1802, 854x480@30 / 854x480@30,119.28,4,59.92,1651792661.3997996
 794x447 / 3 dropped of 1802, 854x480@30 / 854x480@30,119.28,4,59.92,1651792661.4381127
 794x447 / 3 dropped of 1802, 854x480@30 / 854x480@30,120.08,4,59.92,1651792662.5658624
 794x447 / 3 dropped of 1802, 854x480@30 / 854x480@30,120.08,4,59.92,1651792662.672472
 794x447 / 3 dropped of 1802, 854x480@30 / 854x480@30,120.08,4,59.92,1651792662.7483437
 794x447 / 3 dropped of 1815, 854x480@30 / 854x480@30,119.55,8,60.49,1651792662.835392
 794x447 / 3 dropped of 1815, 854x480@30 / 854x480@30,119.55,8,60.49,1651792662.8871748
 794x447 / 3 dropped of 1815, 854x480@30 / 854x480@30,119.55,8,60.49,1651792662.9430847
 794x447 / 3 dropped of 1815, 854x480@30 / 854x480@30,119.55,8,60.49,1651792662.9903972
 794x447 / 3 dropped of 1815, 854x480@30 / 854x480@30,119.55,8,60.49,1651792663.0338428
 794x447 / 3 dropped of 1815, 854x480@30 / 854x480@30,119.55,8,60.49,1651792663.0763595
 794x447 / 3 dropped of 1847, 854x480@30 / 854x480@30,122.76,8,61.51,1651792664.3336213
 794x447 / 3 dropped of 1853, 854x480@30 / 854x480@30,122.56,4,61.71,1651792664.4732566
 794x447 / 3 dropped of 1853, 854x480@30 / 854x480@30,122.56,4,61.71,1651792664.518248
 794x447 / 3 dropped of 1853, 854x480@30 / 854x480@30,122.56,4,61.71,1651792664.556501
 794x447 / 3 dropped of 1853, 854x480@30 / 854x480@30,122.56,4,61.71,1651792664.593992
 794x447 / 3 dropped of 1853, 854x480@30 / 854x480@30,122.56,4,61.71,1651792664.634134
 794x447 / 3 dropped of 1853, 854x480@30 / 854x480@30,122.56,4,61.71,1651792664.6727865
 794x447 / 3 dropped of 1853, 854x480@30 / 854x480@30,122.56,4,61.71,1651792665.6675808
 794x447 / 3 dropped of 1853, 854x480@30 / 854x480@30,122.56,4,61.71,1651792665.779598
 794x447 / 3 dropped of 1853, 854x480@30 / 854x480@30,122.56,4,61.71,1651792665.9081209
 794x447 / 3 dropped of 1866, 854x480@30 / 854x480@30,122.11,8,62.15,1651792665.9549735
 794x447 / 3 dropped of 1866, 854x480@30 / 854x480@30,122.11,8,62.15,1651792665.9989085
 794x447 / 3 dropped of 1866, 854x480@30 / 854x480@30,122.11,8,62.15,1651792666.0395732
 794x447 / 3 dropped of 1866, 854x480@30 / 854x480@30,122.11,8,62.15,1651792666.0929475
 794x447 / 3 dropped of 1866, 854x480@30 / 854x480@30,122.11,8,62.15,1651792666.1405745
 794x447 / 3 dropped of 1866, 854x480@30 / 854x480@30,122.11,8,62.15,1651792666.1847754
 794x447 / 3 dropped of 1897, 854x480@30 / 854x480@30,121.26,8,63.21,1651792667.3559673
 794x447 / 3 dropped of 1897, 854x480@30 / 854x480@30,121.26,8,63.21,1651792667.488823
 794x447 / 3 dropped of 1902, 854x480@30 / 854x480@30,120.9,4,63.37,1651792667.5305698
 794x447 / 3 dropped of 1902, 854x480@30 / 854x480@30,120.9,4,63.37,1651792667.5721447
 794x447 / 3 dropped of 1902, 854x480@30 / 854x480@30,120.9,4,63.37,1651792667.6076927
 794x447 / 3 dropped of 1902, 854x480@30 / 854x480@30,120.9,4,63.37,1651792667.6453898
 794x447 / 3 dropped of 1902, 854x480@30 / 854x480@30,120.9,4,63.37,1651792667.6828432
 794x447 / 3 dropped of 1902, 854x480@30 / 854x480@30,120.9,4,63.37,1651792667.7196078
 794x447 / 3 dropped of 1902, 854x480@30 / 854x480@30,120.9,4,63.37,1651792668.7867892
 794x447 / 3 dropped of 1902, 854x480@30 / 854x480@30,120.9,4,63.37,1651792668.8694887
 794x447 / 3 dropped of 1902, 854x480@30 / 854x480@30,120.9,4,63.37,1651792668.9260182
 794x447 / 3 dropped of 1902, 854x480@30 / 854x480@30,120.9,4,63.37,1651792668.999858
 794x447 / 4 dropped of 1915, 854x480@30 / 854x480@30,120.73,8,63.81,1651792669.0514903
 794x447 / 4 dropped of 1915, 854x480@30 / 854x480@30,120.73,8,63.81,1651792669.1029344
 794x447 / 4 dropped of 1915, 854x480@30 / 854x480@30,120.73,8,63.81,1651792669.1472278
 794x447 / 4 dropped of 1915, 854x480@30 / 854x480@30,120.73,8,63.81,1651792669.2013557
 794x447 / 4 dropped of 1915, 854x480@30 / 854x480@30,120.73,8,63.81,1651792669.2621317
 794x447 / 4 dropped of 1915, 854x480@30 / 854x480@30,120.73,8,63.81,1651792669.3097754
 794x447 / 4 dropped of 1946, 854x480@30 / 854x480@30,124.67,8,64.87,1651792670.798128
 794x447 / 4 dropped of 1960, 854x480@30 / 854x480@30,124.13,4,65.2,1651792670.85621
 794x447 / 4 dropped of 1960, 854x480@30 / 854x480@30,124.13,4,65.2,1651792670.9012728
 794x447 / 4 dropped of 1960, 854x480@30 / 854x480@30,124.13,4,65.2,1651792670.9436045
 794x447 / 4 dropped of 1960, 854x480@30 / 854x480@30,124.13,4,65.2,1651792670.983043
 794x447 / 4 dropped of 1960, 854x480@30 / 854x480@30,124.13,4,65.2,1651792671.022222
 794x447 / 4 dropped of 1960, 854x480@30 / 854x480@30,124.13,4,65.2,1651792671.0597289
 794x447 / 4 dropped of 1960, 854x480@30 / 854x480@30,124.13,4,65.2,1651792672.1793392
 794x447 / 4 dropped of 1960, 854x480@30 / 854x480@30,124.13,4,65.2,1651792672.3016694
 794x447 / 4 dropped of 1973, 854x480@30 / 854x480@30,123.85,8,65.73,1651792672.3868117
 794x447 / 4 dropped of 1973, 854x480@30 / 854x480@30,123.85,8,65.73,1651792672.4471142
 794x447 / 4 dropped of 1973, 854x480@30 / 854x480@30,123.85,8,65.73,1651792672.529314
 794x447 / 4 dropped of 1973, 854x480@30 / 854x480@30,123.85,8,65.73,1651792672.574248
 794x447 / 4 dropped of 1973, 854x480@30 / 854x480@30,123.85,8,65.73,1651792672.617467
 794x447 / 4 dropped of 1973, 854x480@30 / 854x480@30,123.85,8,65.73,1651792672.6618655
 794x447 / 4 dropped of 2005, 854x480@30 / 854x480@30,122.67,8,66.74,1651792673.8089283
 794x447 / 4 dropped of 2005, 854x480@30 / 854x480@30,122.67,8,66.74,1651792673.871705
 794x447 / 4 dropped of 2011, 854x480@30 / 854x480@30,122.35,4,66.98,1651792673.9895084
 794x447 / 4 dropped of 2011, 854x480@30 / 854x480@30,122.35,4,66.98,1651792674.052393
 794x447 / 4 dropped of 2011, 854x480@30 / 854x480@30,122.35,4,66.98,1651792674.0939908
 794x447 / 4 dropped of 2011, 854x480@30 / 854x480@30,122.35,4,66.98,1651792674.133139
 794x447 / 4 dropped of 2011, 854x480@30 / 854x480@30,122.35,4,66.98,1651792674.171321
 794x447 / 4 dropped of 2011, 854x480@30 / 854x480@30,122.35,4,66.98,1651792674.2058039
 794x447 / 4 dropped of 2011, 854x480@30 / 854x480@30,122.35,4,66.98,1651792675.3173926
 794x447 / 4 dropped of 2011, 854x480@30 / 854x480@30,122.35,4,66.98,1651792675.3839343
 794x447 / 4 dropped of 2023, 854x480@30 / 854x480@30,122.23,8,67.43,1651792675.4957814
 794x447 / 4 dropped of 2023, 854x480@30 / 854x480@30,122.23,8,67.43,1651792675.546617
 794x447 / 4 dropped of 2023, 854x480@30 / 854x480@30,122.23,8,67.43,1651792675.6098452
 794x447 / 4 dropped of 2023, 854x480@30 / 854x480@30,122.23,8,67.43,1651792675.667935
 794x447 / 4 dropped of 2023, 854x480@30 / 854x480@30,122.23,8,67.43,1651792675.7206352
 794x447 / 4 dropped of 2023, 854x480@30 / 854x480@30,122.23,8,67.43,1651792675.7632308
 794x447 / 4 dropped of 2055, 854x480@30 / 854x480@30,121.08,8,68.46,1651792676.9610937
 794x447 / 4 dropped of 2055, 854x480@30 / 854x480@30,121.08,8,68.46,1651792677.0280788
 794x447 / 4 dropped of 2062, 854x480@30 / 854x480@30,120.67,4,68.66,1651792677.1600895
 794x447 / 4 dropped of 2062, 854x480@30 / 854x480@30,120.67,4,68.66,1651792677.205327
 794x447 / 4 dropped of 2062, 854x480@30 / 854x480@30,120.67,4,68.66,1651792677.2568917
 794x447 / 4 dropped of 2062, 854x480@30 / 854x480@30,120.67,4,68.66,1651792677.3006053
 794x447 / 4 dropped of 2062, 854x480@30 / 854x480@30,120.67,4,68.66,1651792677.3374224
 794x447 / 4 dropped of 2062, 854x480@30 / 854x480@30,120.67,4,68.66,1651792677.3730192
 794x447 / 4 dropped of 2062, 854x480@30 / 854x480@30,120.67,4,68.66,1651792678.5034142
 794x447 / 4 dropped of 2062, 854x480@30 / 854x480@30,120.67,4,68.66,1651792678.616002
 794x447 / 4 dropped of 2074, 854x480@30 / 854x480@30,120.43,8,69.07,1651792678.675379
 794x447 / 4 dropped of 2074, 854x480@30 / 854x480@30,120.43,8,69.07,1651792678.7236018
 794x447 / 4 dropped of 2074, 854x480@30 / 854x480@30,120.43,8,69.07,1651792678.7718704
 794x447 / 4 dropped of 2074, 854x480@30 / 854x480@30,120.43,8,69.07,1651792678.8318057
 794x447 / 4 dropped of 2074, 854x480@30 / 854x480@30,120.43,8,69.07,1651792678.8765242
 794x447 / 4 dropped of 2074, 854x480@30 / 854x480@30,120.43,8,69.07,1651792678.9209712
 794x447 / 4 dropped of 2105, 854x480@30 / 854x480@30,119.96,8,70.16,1651792680.2689824
 794x447 / 4 dropped of 2115, 854x480@30 / 854x480@30,119.56,4,70.44,1651792680.4010978
 794x447 / 4 dropped of 2115, 854x480@30 / 854x480@30,119.56,4,70.44,1651792680.4717624
 794x447 / 4 dropped of 2115, 854x480@30 / 854x480@30,119.56,4,70.44,1651792680.5088885
 794x447 / 4 dropped of 2115, 854x480@30 / 854x480@30,119.56,4,70.44,1651792680.5469155
 794x447 / 4 dropped of 2115, 854x480@30 / 854x480@30,119.56,4,70.44,1651792680.5843148
 794x447 / 4 dropped of 2115, 854x480@30 / 854x480@30,119.56,4,70.44,1651792680.6224895
 794x447 / 4 dropped of 2115, 854x480@30 / 854x480@30,123.29,4,70.44,1651792681.8451793
 794x447 / 4 dropped of 2126, 854x480@30 / 854x480@30,122.88,8,70.85,1651792682.0277874
 794x447 / 4 dropped of 2126, 854x480@30 / 854x480@30,122.88,8,70.85,1651792682.1277788
 794x447 / 4 dropped of 2126, 854x480@30 / 854x480@30,122.88,8,70.85,1651792682.1784382
 794x447 / 4 dropped of 2126, 854x480@30 / 854x480@30,122.88,8,70.85,1651792682.224862
 794x447 / 4 dropped of 2126, 854x480@30 / 854x480@30,122.88,8,70.85,1651792682.2701528
 794x447 / 4 dropped of 2126, 854x480@30 / 854x480@30,122.88,8,70.85,1651792682.3163218
 794x447 / 4 dropped of 2158, 854x480@30 / 854x480@30,122.03,8,71.91,1651792683.773664
 794x447 / 4 dropped of 2173, 854x480@30 / 854x480@30,121.5,4,72.4,1651792683.865778
 794x447 / 4 dropped of 2173, 854x480@30 / 854x480@30,121.5,4,72.4,1651792683.9055998
 794x447 / 4 dropped of 2173, 854x480@30 / 854x480@30,121.5,4,72.4,1651792683.9469821
 794x447 / 4 dropped of 2173, 854x480@30 / 854x480@30,121.5,4,72.4,1651792683.9840825
 794x447 / 4 dropped of 2173, 854x480@30 / 854x480@30,121.5,4,72.4,1651792684.0198917
 794x447 / 4 dropped of 2173, 854x480@30 / 854x480@30,121.5,4,72.4,1651792684.061583
 794x447 / 4 dropped of 2173, 854x480@30 / 854x480@30,121.34,4,72.4,1651792685.1597311
 794x447 / 4 dropped of 2173, 854x480@30 / 854x480@30,121.34,4,72.4,1651792685.3424387
 794x447 / 4 dropped of 2185, 854x480@30 / 854x480@30,121.17,8,72.81,1651792685.401443
 794x447 / 4 dropped of 2185, 854x480@30 / 854x480@30,121.17,8,72.81,1651792685.4464538
 794x447 / 4 dropped of 2185, 854x480@30 / 854x480@30,121.17,8,72.81,1651792685.4927976
 794x447 / 4 dropped of 2185, 854x480@30 / 854x480@30,121.17,8,72.81,1651792685.5378137
 794x447 / 4 dropped of 2185, 854x480@30 / 854x480@30,121.17,8,72.81,1651792685.5846963
 794x447 / 4 dropped of 2185, 854x480@30 / 854x480@30,121.17,8,72.81,1651792685.6545355
 794x447 / 4 dropped of 2216, 854x480@30 / 854x480@30,120.03,8,73.87,1651792687.021103
 794x447 / 4 dropped of 2226, 854x480@30 / 854x480@30,119.55,4,74.19,1651792687.0945666
 794x447 / 4 dropped of 2226, 854x480@30 / 854x480@30,119.55,4,74.19,1651792687.1354682
 794x447 / 4 dropped of 2226, 854x480@30 / 854x480@30,119.55,4,74.19,1651792687.1732216
 794x447 / 4 dropped of 2226, 854x480@30 / 854x480@30,119.55,4,74.19,1651792687.212195
 794x447 / 4 dropped of 2226, 854x480@30 / 854x480@30,119.55,4,74.19,1651792687.251976
 794x447 / 4 dropped of 2226, 854x480@30 / 854x480@30,119.55,4,74.19,1651792687.2869425
 794x447 / 4 dropped of 2226, 854x480@30 / 854x480@30,119.55,4,74.19,1651792688.493327
 794x447 / 4 dropped of 2236, 854x480@30 / 854x480@30,124.72,8,74.51,1651792688.610532
 794x447 / 4 dropped of 2236, 854x480@30 / 854x480@30,124.72,8,74.51,1651792688.6786473
 794x447 / 4 dropped of 2236, 854x480@30 / 854x480@30,124.72,8,74.51,1651792688.7276993
 794x447 / 4 dropped of 2236, 854x480@30 / 854x480@30,124.72,8,74.51,1651792688.7803168
 794x447 / 4 dropped of 2236, 854x480@30 / 854x480@30,124.72,8,74.51,1651792688.8253562
 794x447 / 4 dropped of 2236, 854x480@30 / 854x480@30,124.72,8,74.51,1651792688.8674915
 794x447 / 4 dropped of 2276, 854x480@30 / 854x480@30,123.22,4,75.85,1651792690.183112
 794x447 / 4 dropped of 2276, 854x480@30 / 854x480@30,123.22,4,75.85,1651792690.2491972
 794x447 / 4 dropped of 2276, 854x480@30 / 854x480@30,123.22,4,75.85,1651792690.2954662
 794x447 / 4 dropped of 2276, 854x480@30 / 854x480@30,123.22,4,75.85,1651792690.33448
 794x447 / 4 dropped of 2276, 854x480@30 / 854x480@30,123.22,4,75.85,1651792690.370122
 794x447 / 4 dropped of 2276, 854x480@30 / 854x480@30,123.22,4,75.85,1651792690.4071436
 794x447 / 4 dropped of 2276, 854x480@30 / 854x480@30,123.22,4,75.85,1651792691.5760593
 794x447 / 4 dropped of 2276, 854x480@30 / 854x480@30,123.22,4,75.85,1651792691.6465986
 794x447 / 4 dropped of 2287, 854x480@30 / 854x480@30,123.14,8,76.21,1651792691.7257833
 794x447 / 4 dropped of 2287, 854x480@30 / 854x480@30,123.14,8,76.21,1651792691.7864473
 794x447 / 4 dropped of 2287, 854x480@30 / 854x480@30,123.14,8,76.21,1651792691.8295982
 794x447 / 4 dropped of 2287, 854x480@30 / 854x480@30,123.14,8,76.21,1651792691.8735747
 794x447 / 4 dropped of 2287, 854x480@30 / 854x480@30,123.14,8,76.21,1651792691.9176872
 794x447 / 4 dropped of 2287, 854x480@30 / 854x480@30,123.14,8,76.21,1651792691.9798799
 794x447 / 4 dropped of 2327, 854x480@30 / 854x480@30,121.51,4,77.56,1651792693.3468223
 794x447 / 4 dropped of 2327, 854x480@30 / 854x480@30,121.51,4,77.56,1651792693.436878
 794x447 / 4 dropped of 2327, 854x480@30 / 854x480@30,121.51,4,77.56,1651792693.476813
 794x447 / 4 dropped of 2327, 854x480@30 / 854x480@30,121.51,4,77.56,1651792693.5169938
 794x447 / 4 dropped of 2327, 854x480@30 / 854x480@30,121.51,4,77.56,1651792693.5547488
 794x447 / 4 dropped of 2327, 854x480@30 / 854x480@30,121.51,4,77.56,1651792693.5944939
 794x447 / 4 dropped of 2327, 854x480@30 / 854x480@30,121.51,4,77.56,1651792694.7560115
 794x447 / 4 dropped of 2327, 854x480@30 / 854x480@30,121.51,4,77.56,1651792694.8374128
 794x447 / 4 dropped of 2338, 854x480@30 / 854x480@30,121.42,8,77.89,1651792694.9241838
 794x447 / 4 dropped of 2338, 854x480@30 / 854x480@30,121.42,8,77.89,1651792694.9725807
 794x447 / 4 dropped of 2338, 854x480@30 / 854x480@30,121.42,8,77.89,1651792695.017442
 794x447 / 4 dropped of 2338, 854x480@30 / 854x480@30,121.42,8,77.89,1651792695.061395
 794x447 / 4 dropped of 2338, 854x480@30 / 854x480@30,121.42,8,77.89,1651792695.1367812
 794x447 / 4 dropped of 2338, 854x480@30 / 854x480@30,121.42,8,77.89,1651792695.1902776
 794x447 / 4 dropped of 2369, 854x480@30 / 854x480@30,120.25,8,78.97,1651792696.4733937
 794x447 / 4 dropped of 2380, 854x480@30 / 854x480@30,119.81,4,79.26,1651792696.5556715
 794x447 / 4 dropped of 2380, 854x480@30 / 854x480@30,119.81,4,79.26,1651792696.6012707
 794x447 / 4 dropped of 2380, 854x480@30 / 854x480@30,119.81,4,79.26,1651792696.640455
 794x447 / 4 dropped of 2380, 854x480@30 / 854x480@30,119.81,4,79.26,1651792696.6785543
 794x447 / 4 dropped of 2380, 854x480@30 / 854x480@30,119.81,4,79.26,1651792696.7312443
 794x447 / 4 dropped of 2380, 854x480@30 / 854x480@30,119.81,4,79.26,1651792696.76791
 794x447 / 4 dropped of 2380, 854x480@30 / 854x480@30,120.74,4,79.26,1651792697.982875
 794x447 / 4 dropped of 2390, 854x480@30 / 854x480@30,120.5,8,79.5,1651792698.1098742
 794x447 / 4 dropped of 2390, 854x480@30 / 854x480@30,120.5,8,79.5,1651792698.172055
 794x447 / 4 dropped of 2390, 854x480@30 / 854x480@30,120.5,8,79.5,1651792698.233984
 794x447 / 4 dropped of 2390, 854x480@30 / 854x480@30,120.5,8,79.5,1651792698.290496
 794x447 / 4 dropped of 2390, 854x480@30 / 854x480@30,120.5,8,79.5,1651792698.3486192
 794x447 / 4 dropped of 2390, 854x480@30 / 854x480@30,120.5,8,79.5,1651792698.394781
 794x447 / 4 dropped of 2438, 854x480@30 / 854x480@30,123.34,4,81.16,1651792699.8580027
 794x447 / 4 dropped of 2438, 854x480@30 / 854x480@30,123.34,4,81.16,1651792699.9267125
 794x447 / 4 dropped of 2438, 854x480@30 / 854x480@30,123.34,4,81.16,1651792699.979294
 794x447 / 4 dropped of 2438, 854x480@30 / 854x480@30,123.34,4,81.16,1651792700.018808
 794x447 / 4 dropped of 2438, 854x480@30 / 854x480@30,123.34,4,81.16,1651792700.0574636
 794x447 / 4 dropped of 2438, 854x480@30 / 854x480@30,123.34,4,81.16,1651792700.1041412
 794x447 / 4 dropped of 2438, 854x480@30 / 854x480@30,123.07,4,81.16,1651792701.3579252
 794x447 / 4 dropped of 2444, 854x480@30 / 854x480@30,122.91,8,81.4,1651792701.4392447
 794x447 / 4 dropped of 2444, 854x480@30 / 854x480@30,122.91,8,81.4,1651792701.5117679
 794x447 / 4 dropped of 2444, 854x480@30 / 854x480@30,122.91,8,81.4,1651792701.5688348
 794x447 / 4 dropped of 2444, 854x480@30 / 854x480@30,122.91,8,81.4,1651792701.6169841
 794x447 / 4 dropped of 2444, 854x480@30 / 854x480@30,122.91,8,81.4,1651792701.6786726
 794x447 / 4 dropped of 2444, 854x480@30 / 854x480@30,122.91,8,81.4,1651792701.7228808
 794x447 / 4 dropped of 2475, 854x480@30 / 854x480@30,121.8,8,82.47,1651792703.173414
 794x447 / 4 dropped of 2490, 854x480@30 / 854x480@30,121.31,4,82.92,1651792703.247041
 794x447 / 4 dropped of 2490, 854x480@30 / 854x480@30,121.31,4,82.92,1651792703.286755
 794x447 / 4 dropped of 2490, 854x480@30 / 854x480@30,121.31,4,82.92,1651792703.3233886
 794x447 / 4 dropped of 2490, 854x480@30 / 854x480@30,121.31,4,82.92,1651792703.3589215
 794x447 / 4 dropped of 2490, 854x480@30 / 854x480@30,121.31,4,82.92,1651792703.3983862
 794x447 / 4 dropped of 2490, 854x480@30 / 854x480@30,121.31,4,82.92,1651792703.4351416
 794x447 / 4 dropped of 2490, 854x480@30 / 854x480@30,121.31,4,82.92,1651792704.6161203
 794x447 / 4 dropped of 2490, 854x480@30 / 854x480@30,121.31,4,82.92,1651792704.6785834
 794x447 / 4 dropped of 2501, 854x480@30 / 854x480@30,121.11,8,83.37,1651792704.8082173
 794x447 / 4 dropped of 2501, 854x480@30 / 854x480@30,121.11,8,83.37,1651792704.861304
 794x447 / 4 dropped of 2501, 854x480@30 / 854x480@30,121.11,8,83.37,1651792704.9308727
 794x447 / 4 dropped of 2501, 854x480@30 / 854x480@30,121.11,8,83.37,1651792704.976444
 794x447 / 4 dropped of 2501, 854x480@30 / 854x480@30,121.11,8,83.37,1651792705.0226214
 794x447 / 4 dropped of 2501, 854x480@30 / 854x480@30,121.11,8,83.37,1651792705.0726204
 794x447 / 4 dropped of 2532, 854x480@30 / 854x480@30,119.94,8,84.38,1651792706.468553
 794x447 / 4 dropped of 2544, 854x480@30 / 854x480@30,119.44,4,84.79,1651792706.5491633
 794x447 / 4 dropped of 2544, 854x480@30 / 854x480@30,119.44,4,84.79,1651792706.592352
 794x447 / 4 dropped of 2544, 854x480@30 / 854x480@30,119.44,4,84.79,1651792706.632348
 794x447 / 4 dropped of 2544, 854x480@30 / 854x480@30,119.44,4,84.79,1651792706.6702816
 794x447 / 4 dropped of 2544, 854x480@30 / 854x480@30,119.44,4,84.79,1651792706.7093897
 794x447 / 4 dropped of 2544, 854x480@30 / 854x480@30,119.44,4,84.79,1651792706.767251
 794x447 / 4 dropped of 2544, 854x480@30 / 854x480@30,123.77,4,84.79,1651792707.9977307
 794x447 / 4 dropped of 2556, 854x480@30 / 854x480@30,123.57,8,85.0,1651792708.111806
 794x447 / 4 dropped of 2556, 854x480@30 / 854x480@30,123.57,8,85.0,1651792708.1597178
 794x447 / 4 dropped of 2556, 854x480@30 / 854x480@30,123.57,8,85.0,1651792708.2069268
 794x447 / 4 dropped of 2556, 854x480@30 / 854x480@30,123.57,8,85.0,1651792708.2565775
 794x447 / 4 dropped of 2556, 854x480@30 / 854x480@30,123.57,8,85.0,1651792708.317361
 794x447 / 4 dropped of 2556, 854x480@30 / 854x480@30,123.57,8,85.0,1651792708.3633265
 794x447 / 4 dropped of 2597, 854x480@30 / 854x480@30,122.05,4,86.51,1651792709.6754491
 794x447 / 4 dropped of 2597, 854x480@30 / 854x480@30,122.05,4,86.51,1651792709.7423394
 794x447 / 4 dropped of 2597, 854x480@30 / 854x480@30,122.05,4,86.51,1651792709.7888923
 794x447 / 4 dropped of 2597, 854x480@30 / 854x480@30,122.05,4,86.51,1651792709.8280952
 794x447 / 4 dropped of 2597, 854x480@30 / 854x480@30,122.05,4,86.51,1651792709.8646483
 794x447 / 4 dropped of 2597, 854x480@30 / 854x480@30,122.05,4,86.51,1651792709.9039478
 794x447 / 4 dropped of 2597, 854x480@30 / 854x480@30,122.05,4,86.51,1651792711.1086488
 794x447 / 4 dropped of 2609, 854x480@30 / 854x480@30,121.97,8,86.96,1651792711.1919122
 794x447 / 4 dropped of 2609, 854x480@30 / 854x480@30,121.97,8,86.96,1651792711.2395613
 794x447 / 4 dropped of 2609, 854x480@30 / 854x480@30,121.97,8,86.96,1651792711.2897
 794x447 / 4 dropped of 2609, 854x480@30 / 854x480@30,121.97,8,86.96,1651792711.3346305
 794x447 / 4 dropped of 2609, 854x480@30 / 854x480@30,121.97,8,86.96,1651792711.378601
 794x447 / 4 dropped of 2609, 854x480@30 / 854x480@30,121.97,8,86.96,1651792711.4215806
 794x447 / 4 dropped of 2642, 854x480@30 / 854x480@30,120.75,8,87.97,1651792712.642823
 794x447 / 4 dropped of 2642, 854x480@30 / 854x480@30,120.75,8,87.97,1651792712.7683392
 794x447 / 4 dropped of 2647, 854x480@30 / 854x480@30,120.35,4,88.22,1651792712.845933
 794x447 / 4 dropped of 2647, 854x480@30 / 854x480@30,120.35,4,88.22,1651792712.8868196
 794x447 / 4 dropped of 2647, 854x480@30 / 854x480@30,120.35,4,88.22,1651792712.9231727
 794x447 / 4 dropped of 2647, 854x480@30 / 854x480@30,120.35,4,88.22,1651792712.9622052
 794x447 / 4 dropped of 2647, 854x480@30 / 854x480@30,120.35,4,88.22,1651792713.0013514
 794x447 / 4 dropped of 2647, 854x480@30 / 854x480@30,120.35,4,88.22,1651792713.036411
 794x447 / 4 dropped of 2647, 854x480@30 / 854x480@30,120.35,4,88.22,1651792714.1376534
 794x447 / 4 dropped of 2647, 854x480@30 / 854x480@30,120.35,4,88.22,1651792714.3126059
 794x447 / 4 dropped of 2659, 854x480@30 / 854x480@30,119.99,8,88.58,1651792714.3624682
 794x447 / 4 dropped of 2659, 854x480@30 / 854x480@30,119.99,8,88.58,1651792714.4071925
 794x447 / 4 dropped of 2659, 854x480@30 / 854x480@30,119.99,8,88.58,1651792714.4531317
 794x447 / 4 dropped of 2659, 854x480@30 / 854x480@30,119.99,8,88.58,1651792714.498099
 794x447 / 4 dropped of 2659, 854x480@30 / 854x480@30,119.99,8,88.58,1651792714.5937135
 794x447 / 4 dropped of 2659, 854x480@30 / 854x480@30,119.99,8,88.58,1651792714.6513278
 794x447 / 4 dropped of 2703, 854x480@30 / 854x480@30,120.07,4,90.05,1651792716.0523493
 794x447 / 4 dropped of 2703, 854x480@30 / 854x480@30,120.07,4,90.05,1651792716.1259315
 794x447 / 4 dropped of 2703, 854x480@30 / 854x480@30,120.07,4,90.05,1651792716.1732278
 794x447 / 4 dropped of 2703, 854x480@30 / 854x480@30,120.07,4,90.05,1651792716.2306159
 794x447 / 4 dropped of 2703, 854x480@30 / 854x480@30,120.07,4,90.05,1651792716.272727
 794x447 / 4 dropped of 2703, 854x480@30 / 854x480@30,120.07,4,90.05,1651792716.315108
